Date_Collected,Site,Experiment,Block,Plot,Treatment2,Treatment,Species,Region,ID,SLA,Leaf_Thickness_cm,Aboveground_Dry_Weight_g,Leaf_Number,S_Leaf_Stage,E_Leaf_Stage,F_Leaf_Stage,Flower_Number,E_Flower_Stage,F_Flower_Stage,S_Flower_Stage,Plant_Height_cm,Plant_Area_cm^2,Focal_Root_Weight_g,Total_Belowground_Weight_g,SRL,Root_Diam_Max,Root_Diam_Mean,Percent_N_AbG,Percent_C_AbG,Percent_N_BeG,Percent_C_BeG,Notes
05_24_2021,KZA,Pplots,,F1,0,Control,Dichanthelium_oligosanthes,Aboveground,DO_Pplots_F1,101.572751,0.01,0.06,4,1,0,3,1,1,NA,NA,18.2,352.716,0.2458,2.3926,8.0402738,0.077,0.026316259,2.33,42.46,0.72,43.28,
05_24_2021,KZA,Pplots,,E5,10,10,Dichanthelium_oligosanthes,Aboveground,DO_Pplots_E5,101.1713502,0.01,0.2,8,2,1,5,1,1,NA,NA,21.6,1991.952,0.4453,1.5321,10.40273029,0.145,0.038865514,4.06,43.27,1.4,40.54,
05_24_2021,KZA,Pplots,,C5,0,Control,Dichanthelium_oligosanthes,Aboveground,DO_Pplots_C5,75.92543418,0.01,0.06,4,0,0,4,1,1,NA,NA,15.9,238.5,0.1436,2.74,9.422126045,0.049,0.035762545,2.1,42.88,0.46,45.3,
05_24_2021,KZA,Pplots,,A5,0,Control,Dichanthelium_oligosanthes,Aboveground,DO_Pplots_A5,95.21045896,0.01,0.17,9,0,1,8,1,1,NA,NA,26.1,3947.103,0.2398,2.0862,3.765229775,0.035,0.061137818,2.62,40.99,0.54,45,
05_24_2021,KZA,Pplots,,D6,0,Control,Dichanthelium_oligosanthes,Aboveground,DO_Pplots_D6,87.55075578,0.01,0.14,5,0,1,4,1,1,NA,NA,19.7,1245.434,0.0783,2.8728,4.688337165,0.065,0.032670856,2.8,42.88,0.48,45.77,
05_24_2021,KZA,Pplots,,C6,0,Control,Dichanthelium_oligosanthes,Aboveground,DO_Pplots_C6,89.67327554,0.01,0.05,9,1,1,7,1,1,NA,NA,16.9,985.608,0.29,1.3551,4.964034483,0.06,,2.78,42.38,0.58,46.12,
05_24_2021,KZA,Pplots,,B6,10,10,Dichanthelium_oligosanthes,Aboveground,DO_Pplots_B6,84.12037659,0.01,0.15,6,1,2,3,,,NA,NA,24.5,2665.11,0.3913,3.7712,2.866459494,0.094,0.03643105,4.89,43.24,0.9,44.86,
05_24_2021,KZA,Pplots,,D7,10,10,Dichanthelium_oligosanthes,Aboveground,DO_Pplots_D7,86.23689079,0.01,0.84,19,2,4,13,1,1,,NA,32.1,9135.339,0.6517,2.0126,5.194844253,0.071,0.031384833,3.26,44.14,0.78,45.98,
05_24_2021,KZA,Pplots,,C7,10,10,Dichanthelium_oligosanthes,Aboveground,DO_Pplots_C7,73.0494854,0.01,0.51,27,3,8,16,2,1,1,NA,15.6,1593.072,0.3161,3.3866,8.155741854,0.073,0.041325126,4.1,44.29,0.55,46.69,
05_24_2021,KZA,Pplots,,B7,10,10,Dichanthelium_oligosanthes,Aboveground,DO_Pplots_B7,71.84330967,0.01,1.02,30,2,8,20,1,1,NA,NA,30.5,9600.18,0.8959,2.7578,3.865511329,0.114,0.052573167,4.74,42.53,0.45,44.95,
05_24_2021,KZA,Pplots,,F8,0,Control,Dichanthelium_oligosanthes,Aboveground,DO_Pplots_F8,85.28740702,0.01,0.04,7,1,2,4,1,1,NA,NA,16.5,788.535,0.3224,4.0129,5.087435484,0.06,0.038003992,2.47,42.97,0.66,45.21,
05_24_2021,KZA,Pplots,,E8,10,10,Dichanthelium_oligosanthes,Aboveground,DO_Pplots_E8,111.6250743,0.01,0.29,10,3,3,3,1,1,NA,NA,17.3,2147.968,0.3649,2.1021,4.679816388,0.055,0.035087,5.35,42.11,0.57,41.04,
05_26_2021,KZA,Nutnet,,4,0,Control ,Dichanthelium_oligosanthes,Aboveground,DO_Nutnet_4(S1),99.72227906,0.01,0.16,11,1,3,7,2,2,NA,NA,15.5,590.24,0.5363,2.6304,3.612735409,0.029,0.048570916,2.53,42.78,0.8,44.21,sc=15cm
05_26_2021,KZA,Nutnet,,4,0,Control ,Dichanthelium_oligosanthes,Aboveground,DO_Nutnet_4(S2),79.10290585,0.01,0.15,8,5,2,4,0,,NA,NA,22,1940.4,0.2409,1.2517,9.001203819,0.059,0.049097184,2.48,39.94,0.32,45.83,sc=15cm
05_26_2021,KZA,Nutnet,,5,10,10,Dichanthelium_oligosanthes,Aboveground,DO_Nutnet_5(S1),106.2764778,0.01,0.22,12,2,3,10,1,1,NA,NA,19.6,3286.528,0.0681,1.9875,10.03031571,0.061,0.022854857,5.42,42.97,0.4,44.54,sc=15cm
05_26_2021,KZA,Nutnet,,5,10,10,Dichanthelium_oligosanthes,Aboveground,DO_Nutnet_5(S2),75.64981441,0.01,0.54,19,4,5,8,2,NA,2,NA,20.1,2946.459,0.1418,0.7523,16.06505148,0.101,0.049738023,4.59,43.24,0.73,45.65,sc=15cm
05_26_2021,KZA,Nutnet,,14,10,10,Dichanthelium_oligosanthes,Aboveground,DO_Nutnet_14(S1),114.6241331,0.01,0.15,9,0,1,6,1,1,NA,NA,15.4,392.7,0.0673,3.6146,33.40219911,0.048,0.039712023,4.13,43.6,0.6,40.21,sc=15cm
05_26_2021,KZA,Nutnet,,14,10,10,Dichanthelium_oligosanthes,Aboveground,DO_Nutnet_14(S2),99.55165885,0.01,0.24,9,1,2,5,1,NA,1,NA,27.3,2306.304,0.4795,1.969,5.321063608,,,4.23,45.04,0.75,41.96,sc=15cm
05_26_2021,KZA,Nutnet,,18,0,Control,Dichanthelium_oligosanthes,Aboveground,DO_Nutnet_18(S1),103.4233359,0.01,0.05,6,0,1,5,1,1,NA,NA,18.9,933.66,0.0594,3.6742,10.75454545,0.075,0.027186412,2.07,41.57,0.32,47.27,sc=15cm
05_26_2021,KZA,Nutnet,,18,0,Control,Dichanthelium_oligosanthes,Aboveground,DO_Nutnet_18(S2),92.61473842,0.01,0.06,5,0,0,5,1,1,NA,NA,19.1,276.759,0.0512,3.9719,5.520637305,0.072,0.03588575,2.4,42.79,0.26,45.26,sc=15cm
05_26_2021,KZA,Nutnet,,21,0,Control,Dichanthelium_oligosanthes,Aboveground,DO_Nutnet_21(S1),90.57361594,0.01,0.26,7,1,1,5,1,1,NA,NA,21.7,2220.778,0.2182,1.1286,10.28299725,0.031,0.027593777,2.61,42.69,0.45,44.77,sc=15cm
05_26_2021,KZA,Nutnet,,21,0,Control,Dichanthelium_oligosanthes,Aboveground,DO_Nutnet_21(S2),95.03416389,0.01,0.03,4,1,0,4,1,1,,NA,16.5,373.23,0.1555,1.9153,9.792306752,0.053,0.034128323,2.25,42.23,0.35,47.9,sc=15cm
05_26_2021,KZA,Nutnet,,25,10,10,Dichanthelium_oligosanthes,Aboveground,DO_Nutnet_25(S1),70.316084,0.01,0.57,16,1,3,12,1,NA,1,NA,32.4,8535.456,0.3929,2.9484,3.827987783,0.087,0.04676317,4.21,43.78,0.64,44.13,sc=15cm
05_26_2021,KZA,Nutnet,,25,10,10,Dichanthelium_oligosanthes,Aboveground,DO_Nutnet_25(S2),60.59105861,0.01,0.16,10,2,2,6,1,NA,1,NA,21.9,2750.859,0.2496,1.7556,5.03125,0.113,0.04500264,3.24,43.13,1.03,42.83,sc=15cm
06_02_2021,KZA,Change,A,A2,20,20,Dichanthelium_oligosanthes,Aboveground,DO_Change_A2,97.83783195,0.013333333,0.19,14,4,4,6,1,1,N/A,NA,21,1121.61,0.0313,5.043,3.976994569,0.105,0.041334994,4.13,43.72,1.87,44.07,SC=15cm
06_02_2021,KZA,Change,A,A3,10,10,Dichanthelium_oligosanthes,Aboveground,DO_Change_A3,94.4125128,0.01,0.18,10,3,2,5,1,N/A,1,NA,20,520.8,0.0291,0.8183,11.31088797,0.051,0.027688676,3.04,43.71,1.06,53.45,SC=15cm
06_02_2021,KZA,Change,A,A6,0,Control,Dichanthelium_oligosanthes,Aboveground,DO_Change_A6,72.56000564,0.01,0.14,7,2,1,4,1,1,N/A,NA,19.1,474.444,0.03,0.9865,25.54539667,0.09,0.023518832,1.78,44.54,0.7,41.4,SC=15cm
06_02_2021,KZA,Change,A,A8,2.5,2.5,Dichanthelium_oligosanthes,Aboveground,DO_Change_A8,73.33862544,0.02,0.5,13,3,3,7,1,N/A,1,NA,31.1,5092.936,0.0381,1.9835,22.24615906,0.096,0.031101188,2.63,44.43,0.73,44.72,SC=15cm
06_02_2021,KZA,Change,B,B9,0,Control,Dichanthelium_oligosanthes,Aboveground,DO_Change_B9,75.57191047,0.02,0.29,10,2,2,6,1,N/A,1,NA,31.2,1707.264,0.1401,4.1738,3.155771378,0.088,0.039995417,2.23,42.54,0.34,47.42,SC=15cm
06_02_2021,KZA,Change,B,B10,2.5,2.5,Dichanthelium_oligosanthes,Aboveground,DO_Change_B10,84.45130326,0.013333333,0.44,9,2,2,5,2,1,1,NA,26.1,1547.208,0.0202,2.3724,12.1112797,0.071,0.023796478,2.45,43.28,0.93,49.22,SC=15cm
06_02_2021,KZA,Change,B,B12,20,20,Dichanthelium_oligosanthes,Aboveground,DO_Change_B12,75.99429039,0.016666667,0.3,12,3,3,6,1,1,N/A,NA,26.2,2011.112,0.0601,1.1343,21.29902329,0.082,0.02353669,3.57,44.35,0.81,45.85,SC=15cm
06_02_2021,KZA,Change,B,B15,10,10,Dichanthelium_oligosanthes,Aboveground,DO_Change_B15,73.86110774,0.023333333,0.1,11,4,3,7,0,N/A,N/A,NA,19.5,311.22,0.0237,0.5644,18.37221941,0.067,0.027980266,2.56,43.73,0.92,44.96,SC=15cm
06_02_2021,KZA,Change,C,C18,20,20,Dichanthelium_oligosanthes,Aboveground,DO_Change_C18,78.09564531,0.02,0.41,14,3,3,8,1,N/A,1,NA,31.1,1985.424,0.3636,1.4193,5.949764576,0.168,0.03255129,4.07,43.64,1.15,43.31,SC=15cm
06_02_2021,KZA,Change,C,C19,10,10,Dichanthelium_oligosanthes,Aboveground,DO_Change_C19,62.14332007,0.023333333,0.67,13,1,2,10,1,N/A,1,NA,32.8,6141.8,0.5892,4.5915,4.694460285,0.049,0.03305574,3.63,44.02,0.57,45.83,"SC=15cm, 1 Leaf v. brown & dry"
06_02_2021,KZA,Change,C,C21,0,Control,Dichanthelium_oligosanthes,Aboveground,DO_Change_C21,73.5518726,0.02,0.38,11,2,3,6,1,N/A,1,NA,28.1,1416.24,0.2702,3.3259,4.70199852,0.102,0.034753088,2.07,42.34,0.52,44.31,SC=15cm
06_02_2021,KZA,Change,C,C22,2.5,2.5,Dichanthelium_oligosanthes,Aboveground,DO_Change_C22,87.92098417,0.016666667,0.28,13,3,3,7,1,N/A,1,NA,26.5,1030.32,0.2238,6.4943,9.950358803,0.191,0.026105167,1.95,41.79,0.46,43.59,SC=15cm
06_02_2021,KZA,Change,D,D25,2.5,2.5,Dichanthelium_oligosanthes,Aboveground,DO_Change_D25,66.5196332,0.013333333,0.26,10,2,2,6,1,1,N/A,NA,29.4,2095.632,0.1335,6.8372,10.02449438,0.059,0.025107393,2.2,43.09,0.63,46.17,SC=15cm
06_02_2021,KZA,Change,D,D30,0,Control,Dichanthelium_oligosanthes,Aboveground,DO_Change_D30,64.01216097,0.02,0.42,13,2,2,9,2,2,N/A,NA,30.1,2023.623,0.0696,3.6726,6.248030172,0.081,0.03390818,1.68,36.91,0.01,47.57,SC=15cm
06_02_2021,KZA,Change,D,D31,10,10,Dichanthelium_oligosanthes,Aboveground,DO_Change_D31,63.75161326,0.02,0.6,13,2,3,8,2,N/A,2,NA,28.8,1615.392,0.1491,3.141,7.223756539,0.068,0.023716817,2.42,42.27,0.68,44.88,SC=15cm
06_02_2021,KZA,Change,D,D32,20,20,Dichanthelium_oligosanthes,Aboveground,DO_Change_D32,91.87155087,0.013333333,0.16,10,2,3,5,1,1,N/A,NA,19.5,1843.335,0.0534,1.6435,13.50355805,0.042,0.027958706,2.88,43.33,0.9,43.73,SC=15cm
06_02_2021,KZA,Change,E,E33,0,Control,Dichanthelium_oligosanthes,Aboveground,DO_Change_E33,82.99258569,0.02,0.25,10,2,3,5,1,NA,1,NA,23,973.82,0.4183,3.4897,5.229203921,0.089,0.026965328,1.93,43.19,0.45,44.68,SC=12cm 
06_02_2021,KZA,Change,E,E34,20,20,Dichanthelium_oligosanthes,Aboveground,DO_Change_E34,77.22205958,0.02,0.34,9,0,3,6,1,NA,1,NA,22,886.16,0.5015,4.5126,3.438154536,0.262,0.046756774,4.25,43.07,1.26,45.09,
06_02_2021,KZA,Change,E,E37,2.5,2.5,Dichanthelium_oligosanthes,Aboveground,DO_Change_E37,68.72032816,0.026666667,0.38,12,3,2,7,1,NA,1,NA,30.1,2265.326,0.1877,2.4307,6.308151305,0.128,0.03631059,2.2,42.37,0.5,45.93,
06_02_2021,KZA,Change,E,E40,10,10,Dichanthelium_oligosanthes,Aboveground,DO_Change_E40,64.72731453,0.023333333,0.55,12,0,3,9,1,NA,1,NA,28.5,3543.12,0.2407,1.9326,9.662027005,0.073,0.032520957,2.9,43.56,0.62,45.02,
06_02_2021,KZA,Change,F,F41,20,20,Dichanthelium_oligosanthes,Aboveground,DO_Change_F41,82.71058887,0.026666667,0.37,19,3,4,12,1,NA,1,NA,26.9,4797.884,0.2516,1.5113,10.02455087,0.066,0.038327694,3.44,43.6,1.12,40.26,
06_02_2021,KZA,Change,F,F44,10,10,Dichanthelium_oligosanthes,Aboveground,DO_Change_F44,69.73419209,0.026666667,0.66,10,1,2,7,1,NA,1,NA,40.8,9250.176,0.1492,3.7156,5.973147051,0.097,0.027469147,3.64,44.48,0.69,44.96,
06_02_2021,KZA,Change,F,F45,0,Control,Dichanthelium_oligosanthes,Aboveground,DO_Change_F45,93.72020134,0.01,0.11,8,2,2,4,0,NA,NA,NA,12.3,259.776,0.1264,5.684,4.569491535,0.114,0.028767966,1.82,41.94,0.55,35.06,
06_02_2021,KZA,Change,F,F48,2.5,2.5,Dichanthelium_oligosanthes,Aboveground,DO_Change_F48,75.20943189,0.023333333,0.74,15,0,5,10,1,NA,1,NA,31.8,2371.644,0.4956,1.4989,7.835391445,0.13,0.030439055,1.97,42.76,0.43,45.36,
06_21_2021,KZA,Pplots,,F1,0,Control,Ambrosia_psilostachya,Aboveground,AP_Pplots_F1,46.74779432,0.033333333,0.58,26,9,7,9,NA,NA,NA,NA,28,3593.52,0.1988,2.2913,2.87220337,0.20891045,0.045597695,2.05,39.5,0.93,42.17,2 growing in 1
06_21_2021,KZA,Pplots,,E5,10,10,Ambrosia_psilostachya,Aboveground,AP_Plots_E5,67.0783542,0.04,,51,3,30,17,NA,NA,NA,NA,35.1,19366.776,0.2181,4.1494,4.391608207,0.2157603,0.03219523,4.54,41.06,1.14,44.68,
06_21_2021,KZA,Pplots,,C5,0,Control,Ambrosia_psilostachya,Aboveground,AP_Pplots_C5,50.83117238,0.04,0.47,14,2,4,8,NA,NA,NA,NA,36.1,4982.522,0.0901,1.1409,7.055825416,0.13041505,0.024314892,2.95,40.34,0.88,45.17,
06_21_2021,KZA,Pplots,,A5,0,Control,Ambrosia_psilostachya,Aboveground,AP_Plots_A5,,,,,,,,,,,,,,,,,,,,,,,SAMPLE NOT COLLECTED
06_21_2021,KZA,Pplots,,D6,0,Control,Ambrosia_psilostachya,Aboveground,AP_Pplots_D6,122.1386447,0.01,0.06,8,2,0,6,NA,NA,NA,NA,14.1,215.73,0.0126,1.2999,9.33968254,0.088,0.021933379,2.96,41.55,0.61,45.94,seeding
06_21_2021,KZA,Pplots,,C6,0,Control,Ambrosia_psilostachya,Aboveground,AP_Pplots_C6,69.18784542,0.023333333,0.22,12,2,2,8,NA,NA,NA,NA,29.4,2480.184,0.027,0.864,12.97198259,0.11110702,0.023214556,2.25,38.07,0.65,45.42,
06_21_2021,KZA,Pplots,,B6,10,10,Ambrosia_psilostachya,Aboveground,AP_Pplots_B6,68.87074166,0.053333333,0.78,16,4,10,2,NA,NA,NA,NA,37.2,5791.296,0.1246,2.2629,9.052218299,0.21740058,0.031882152,4.54,42.2,1.64,44.08,AP all over
06_21_2021,KZA,Pplots,,D7,10,10,Ambrosia_psilostachya,Aboveground,AP_Pplots_D7,105.7140019,0.03,0.47,21,2,9,10,NA,NA,NA,NA,30,5203.8,0.0962,0.8629,8.682127859,0.1416617,0.025469692,5.49,41.14,1.44,44.52,
06_21_2021,KZA,Pplots,,C7,10,10,Ambrosia_psilostachya,Aboveground,AP_Pplots_C7,69.41180318,0.04,0.5,14,3,4,7,NA,NA,NA,NA,38,5466.3,0.0686,1.7641,6.661574344,0.16666083,0.04052253,5.34,38.33,1.58,45.11,AP all over
06_21_2021,KZA,Pplots,,B7,10,10,Ambrosia_psilostachya,Aboveground,AP_Pplots_B7,66.4678573,0.036666667,0.76,38,2,22,14,NA,NA,NA,NA,40.7,10730.148,0.1218,2.7934,4.868212397,0.20251541,0.027211718,5.67,40.35,1.16,45.72,
06_21_2021,KZA,Pplots,,F8,0,Control,Ambrosia_psilostachya,Aboveground,AP_Pplots_F8,83.41602261,0.01,0.12,10,2,2,6,NA,NA,NA,NA,26.9,798.93,0.0255,1.8016,10.85610941,0.10199476,0.02091618,5.12,41.29,0.92,43.15,
06_21_2021,KZA,Pplots,,E8,10,10,Ambrosia_psilostachya,Aboveground,AP_Pplots_E8,60.55369187,0.06,0.69,16,4,4,8,NA,NA,NA,NA,32.9,5554.836,0.1222,2.2725,3.407174877,0.22313681,0.051503584,1.98,39.6,1.22,45.73,
06_21_2021,KZA,Nutnet,,4,0,Control ,Ambrosia_psilostachya,Aboveground,AP_Nutnet_4(S1),82.87078675,0.023333333,0.01,8,4,0,4,NA,NA,NA,NA,10.9,57.661,0.1257,1.2613,2.975716945,0.44529477,0.12644227,2.28,39.91,0.34,43.72,Seeding (6.5cm)
06_21_2021,KZA,Nutnet,,4,0,Control ,Ambrosia_psilostachya,Aboveground,AP_Nutnet_4(S2),116.1306306,0.02,0.01,6,1,2,3,NA,NA,NA,NA,10.5,180.18,0.0858,1.4316,4.655961189,0.2888889,0.039076716,2.15,36.63,0.48,45.26,seeding (6.2cm)
06_21_2021,KZA,Nutnet,,5,10,10,Ambrosia_psilostachya,Aboveground,AP_Nutnet_5(S1),72.43598284,0.04,0.25,22,4,12,6,NA,NA,NA,NA,21.4,1791.608,0.0802,0.8128,15.09800499,0.15714286,0.020928403,4.92,40.47,1.61,43.91,11.4 soil cove
06_21_2021,KZA,Nutnet,,5,10,10,Ambrosia_psilostachya,Aboveground,AP_Nutnet_5(S2),45.63986679,0.05,0.26,22,3,12,5,NA,NA,NA,NA,24.3,2380.428,0.0982,2.0699,6.314235234,0.18938848,0.031027783,3.57,37.41,1.51,44.93,14cm cove
06_21_2021,KZA,Nutnet,,14,10,10,Ambrosia_psilostachya,Aboveground,AP_Nutnet_14(S1),68.38848707,0.046666667,0.19,12,0,6,6,NA,NA,NA,NA,19.9,1654.884,0.0255,1.1398,6.333333333,0.10526015,0.023045259,4.56,39.66,1.75,44.96,
06_21_2021,KZA,Nutnet,,14,10,10,Ambrosia_psilostachya,Aboveground,AP_Nutnet_14(S2),67.18543668,0.053333333,0.95,55,7,28,20,NA,NA,NA,NA,24.3,4381.047,0.0859,1.2464,4.050528522,0.13632841,0.042654973,5.29,37.28,1.52,46.67,
06_21_2021,KZA,Nutnet,,18,0,Control,Ambrosia_psilostachya,Aboveground,AP_Nutnet_18(S1),73.08341468,0.023333333,0.11,9,2,1,6,NA,NA,NA,NA,20.7,589.536,0.0527,2.8687,6.718705882,0.12405788,0.027225835,2.1,38.62,0.65,44.9,
06_21_2021,KZA,Nutnet,,18,0,Control,Ambrosia_psilostachya,Aboveground,AP_Nutnet_18(S2),38.87157555,0.036666667,0.22,14,4,4,6,NA,NA,NA,NA,20.6,741.394,0.0429,1.5239,9.233993007,0.10142532,0.021063589,1.91,38.83,1.04,44.37,
06_21_2021,KZA,Nutnet,,21,0,Control,Ambrosia_psilostachya,Aboveground,AP_Nutnet_21(S1),61.49654291,0.056666667,0.58,28,4,14,10,NA,NA,NA,NA,27.5,2946.9,0.1504,2.64,3.84894016,0.24626866,0.033454616,5.21,36.51,1.36,44.06,legumes near (10.2 cove)
06_21_2021,KZA,Nutnet,,21,0,Control,Ambrosia_psilostachya,Aboveground,AP_Nutnet_21(S2),75.62432341,0.06,0.53,30,1,20,9,NA,NA,NA,NA,32.6,5366.938,0.0769,3.5173,4.74193368,0.1439227,0.03023343,4.42,37.62,1.35,44.91,
06_21_2021,KZA,Nutnet,,25,10,10,Ambrosia_psilostachya,Aboveground,AP_Nutnet_25(S1),63.67631202,0.013333333,0.28,22,8,8,6,NA,NA,NA,NA,25.5,1312.74,0.0494,1.8015,3.631894737,0.115939006,0.033023417,1.9,39,0.64,42.62,2 in 1 stem (12.2cm cove)
06_21_2021,KZA,Nutnet,,25,10,10,Ambrosia_psilostachya,Aboveground,AP_Nutnet_25(S2),76.09062817,0.016666667,0.03,10,4,0,6,NA,NA,NA,NA,18,501.84,0.0216,1.8553,5.174077778,0.08569463,0.024070246,1.84,39.3,0.91,43.33,13.2 cm cove
06_16_2021,KZA,Change,A,A2,20,20,Ambrosia_psilostachya,Aboveground,AP_Change_A2,41.66597668,0.076666667,2.05,51,2,31,18,NA,NA,NA,NA,32.4,6806.916,0.2596,3.9392,2.214869414,0.31024104,0.045196984,3.62,41.55,1.88,45.64,
06_16_2021,KZA,Change,A,A3,10,10,Ambrosia_psilostachya,Aboveground,AP_Change_A3,105.8244662,0.033333333,0.08,14,2,4,8,NA,NA,NA,NA,23.5,1082.88,0.0212,2.5293,16.07973349,0.0854576,0.019972956,4.67,39.24,1.69,48.61,Seeding? x
06_16_2021,KZA,Change,A,A6,0,Control,Ambrosia_psilostachya,Aboveground,AP_Change_A6,67.04244808,0.026666667,0.12,14,3,4,7,NA,NA,NA,NA,24.1,574.785,0.0283,4.6646,3.839013074,0.076271184,0.03125413,1.91,36.9,0.83,40.81,Not seeding
06_16_2021,KZA,Change,A,A8,2.5,2.5,Ambrosia_psilostachya,Aboveground,AP_Change_A8,58.88856435,0.05,0.71,31,3,16,12,NA,NA,NA,NA,33.1,5593.238,0.0851,3.1645,2.362228437,0.16239317,0.046765074,3.8,38.55,0.91,45.74,
06_16_2021,KZA,Change,B,B9,0,Control,Ambrosia_psilostachya,Aboveground,AP_Change_B9,44.82275555,0.053333333,0.31,14,2,3,9,NA,NA,NA,NA,22.6,1216.332,0.0369,1.0897,2.726279675,0.12930554,0.050407372,2.07,35.52,0.64,46.01,
06_16_2021,KZA,Change,B,B10,2.5,2.5,Ambrosia_psilostachya,Aboveground,AP_Change_B10,53.32363825,0.056666667,0.37,24,2,13,9,NA,NA,NA,NA,22.8,2098.056,0.1173,1.8511,2.283326087,0.21235612,0.053115334,3.08,40.09,1.31,44.44,
06_16_2021,KZA,Change,B,B12,20,20,Ambrosia_psilostachya,Aboveground,AP_Change_B12,52.18322845,0.043333333,0.41,22,2,10,10,NA,NA,NA,NA,30,4676.7,0.02,2.2836,9.45831,0.08927145,0.023453241,3.32,38.09,1.12,48.38,
06_16_2021,KZA,Change,B,B15,10,10,Ambrosia_psilostachya,Aboveground,AP_Change_B15,51.94186736,0.05,0.46,19,4,10,5,NA,NA,NA,NA,30.6,2710.548,0.1343,1.5256,5.359701415,0.12015394,0.02667643,3.58,39.54,1.63,44.43,
06_16_2021,KZA,Change,C,C18,20,20,Ambrosia_psilostachya,Aboveground,AP_Change_C18,39.96233588,0.08,1.32,55,8,24,23,NA,NA,NA,NA,30.1,6584.977,0.1307,1.6256,3.720380566,0.20509823,0.043996394,4.37,39.79,1.43,44.77,Seeding
06_16_2021,KZA,Change,C,C19,10,10,Ambrosia_psilostachya,Aboveground,AP_Change_C19,35.92262873,0.05,1.18,31,2,16,13,NA,NA,NA,NA,32.4,5809.644,0.128,2.673,2.431122656,0.2947965,0.05406189,3.39,38.27,1.8,44.05,
06_16_2021,KZA,Change,C,C21,0,Control,Ambrosia_psilostachya,Aboveground,AP_Change_C21,52.19814141,0.016666667,0.19,11,2,1,8,NA,NA,NA,NA,28.5,828.495,0.0387,4.2221,4.865354522,0.10740499,0.035817374,2.1,38.33,0.73,43.34,
06_16_2021,KZA,Change,C,C22,2.5,2.5,Ambrosia_psilostachya,Aboveground,AP_Change_C22,71.96721553,0.016666667,0.1,11,4,3,4,NA,NA,NA,NA,16.9,458.666,0.0188,2.0194,8.882850532,0.08785493,0.021341057,2.84,38.3,2.14,44.27,Seeding? x
06_16_2021,KZA,Change,D,D25,2.5,2.5,Ambrosia_psilostachya,Aboveground,AP_Change_D25,67.47170324,0.02,0.07,11,1,2,9,NA,NA,NA,NA,25.5,913.92,0.0234,3.7752,17.53363675,0.16523845,0.031295817,3.02,38.57,0.91,44.23,
06_16_2021,KZA,Change,D,D30,0,Control,Ambrosia_psilostachya,Aboveground,AP_Change_D30,67.30903313,0.026666667,0.75,10,0,2,8,NA,NA,NA,NA,18.6,565.068,0.0261,1.6476,4.66473908,0.11403068,0.042480282,2.6,37.61,0.69,44.68,
06_16_2021,KZA,Change,D,D31,10,10,Ambrosia_psilostachya,Aboveground,AP_Change_D31,46.10518816,0.066666667,0.16,26,2,12,12,NA,NA,NA,NA,24.6,5279.652,0.079,2.9753,3.518275063,0.16947788,0.03609414,3.82,38.78,1.53,44.17,
06_16_2021,KZA,Change,D,D32,20,20,Ambrosia_psilostachya,Aboveground,AP_Change_D32,58.53152119,0.043333333,0.35,20,6,8,6,NA,NA,NA,NA,30.2,2751.824,0.0431,5.4885,1.839907193,0.09789251,0.03647667,4.11,37.06,1.29,45.24,
06_16_2021,KZA,Change,E,E33,0,Control,Ambrosia_psilostachya,Aboveground,AP_Change_E33,54.48558587,0.023333333,0.12,9,1,2,6,NA,NA,NA,NA,20.1,188.136,0.0784,1.4705,4.125373724,0.15813579,0.03508441,1.64,37.95,1.01,44.71,rock; 6cm core
06_16_2021,KZA,Change,E,E34,20,20,Ambrosia_psilostachya,Aboveground,AP_Change_E34,45.67622879,0.066666667,0.13,54,0,33,21,NA,NA,NA,NA,31.6,7640.248,0.203,2.959,1.67654064,0.22806136,0.0556363,3.5,39.98,1.16,45.12,rock; 6cm core
06_16_2021,KZA,Change,E,E37,2.5,2.5,Ambrosia_psilostachya,Aboveground,AP_Change_E37,44.57896401,0.083333333,1.66,12,2,2,8,NA,NA,NA,NA,23.7,1564.911,0.0424,2.8116,4.173913915,0.118103765,0.03376059,1.99,35.69,1.04,43.97,sample found near edge 
06_16_2021,KZA,Change,E,E40,10,10,Ambrosia_psilostachya,Aboveground,AP_Change_E40,49.8291454,0.053333333,0.3,12,2,2,8,NA,NA,NA,NA,23.3,554.307,0.0182,1.8749,13.02152198,0.13332866,0.032374043,2.58,37.64,1.4,47.67,couldnt find MC
06_16_2021,KZA,Change,F,F41,20,20,Ambrosia_psilostachya,Aboveground,AP_Change_F41,63.72195991,0.036666667,2.17,50,2,25,23,NA,NA,NA,NA,34.8,8161.296,0.1984,1.6543,2.848655746,0.23725416,0.05270508,3.91,39.56,1.65,43.67,
06_16_2021,KZA,Change,F,F44,10,10,Ambrosia_psilostachya,Aboveground,AP_Change_F44,66.03064472,0.063333333,0.28,18,7,7,4,NA,NA,NA,NA,29,1485.96,0.0248,1.5297,12.99673185,0.105247,0.025161432,4.79,37.48,1.37,46.04,
06_16_2021,KZA,Change,F,F45,0,Control,Ambrosia_psilostachya,Aboveground,AP_Change_F45,63.03584984,0.043333333,0.25,12,2,4,6,NA,NA,NA,NA,30.4,2047.136,0.0426,4.0155,2.50819507,0.12710044,0.050578114,1.78,38.37,0.63,45.49,
06_16_2021,KZA,Change,F,F48,2.5,2.5,Ambrosia_psilostachya,Aboveground,AP_Change_F48,90.05379085,0.016666667,0.02,9,4,2,3,NA,NA,NA,NA,15.5,142.6,,,,,,3.8,37.04,,,sample was maybe a seedling
07_09_2021,KZA,Pplots,,F1,0,Control,Solidago_missouriensis,Aboveground,SM_Pplots_F1,29.73790498,0.06,1.82,15,5,1,9,0,N/A,N/A,N/A,35.2,5767.168,0.1712,1.7284,3.681886974,0.1484589,0.030338822,0.97,46.49,1.23,45.75,
07_09_2021,KZA,Pplots,,E5,10,10,Solidago_missouriensis,Aboveground,SM_Pplots_E5,29.66313513,0.04,1.6,38,5,13,20,0,N/A,N/A,N/A,26.4,6179.184,0.3199,2.4438,3.695851391,0.32247484,0.04585824,1.83,49.16,1.47,44.26,
07_09_2021,KZA,Pplots,,C5,0,Control,Solidago_missouriensis,Aboveground,SM_Pplots_C5,29.05983683,0.053333333,0.45,8,1,0,7,0,N/A,N/A,N/A,16.4,2721.088,0.2608,2.6358,6.391635736,0.24469422,0.028260104,0.88,47.67,0.49,45.98,"possible seedling, but only ones in plot"
07_09_2021,KZA,Pplots,,A5,0,Control,Solidago_missouriensis,Aboveground,SM_Pplots_A5,27.64586034,0.053333333,2.43,27,2,6,19,0,N/A,N/A,N/A,37.8,5084.856,0.9788,2.2743,2.735213527,0.49579832,0.039670072,0.89,46.15,0.64,41.25,
07_09_2021,KZA,Pplots,,D6,0,Control,Solidago_missouriensis,Aboveground,SM_Pplots_D6,28.21575568,0.046666667,1.4,29,3,7,19,0,N/A,N/A,N/A,26.5,5093.565,0.2419,1.6466,4.146757916,0.42635658,0.05603441,1.08,48.9,0.85,44.6,
07_09_2021,KZA,Pplots,,C6,0,Control,Solidago_missouriensis,Aboveground,SM_Pplots_C6,19.47393902,0.05,1.88,25,3,6,16,0,N/A,N/A,N/A,34.3,6204.184,0.1438,8.2217,16.44509597,0.25720632,0.031953353,0.99,46.64,0.54,44.66,
07_09_2021,KZA,Pplots,,B6,10,10,Solidago_missouriensis,Aboveground,SM_Pplots_B6,,,,,,,,,,,,,,,,,,,,,,,SAMPLE NOT COLLECTED
07_09_2021,KZA,Pplots,,D7,10,10,Solidago_missouriensis,Aboveground,SM_Pplots_D7,40.5848912,0.04,1.16,32,3,6,23,0,N/A,N/A,N/A,20.8,4896.736,0.3553,3.0703,3.325520405,0.31967214,0.038959872,2.59,47.85,1.26,46.04,
07_09_2021,KZA,Pplots,,C7,10,10,Solidago_missouriensis,Aboveground,SM_Pplots_C7,33.55906363,0.033333333,1.68,40,2,10,28,0,N/A,N/A,N/A,22,3780.04,0.1823,1.4636,4.120553483,0.21701355,0.036302205,2.38,47.74,1.27,47.07,"2 ind., one root"
07_09_2021,KZA,Pplots,,B7,10,10,Solidago_missouriensis,Aboveground,SM_Pplots_B7,40.97836943,0.04,0.32,10,1,1,8,0,N/A,N/A,N/A,16,2296.8,0.1732,1.8642,11.59734988,0.38842654,0.028944593,1.59,45.77,1.51,44.4,
07_09_2021,KZA,Pplots,,F8,0,Control,Solidago_missouriensis,Aboveground,SM_Pplots_F8,,,,,,,,,,,,,,,,,,,,,,,SAMPLE NOT COLLECTED
07_09_2021,KZA,Pplots,,E8,10,10,Solidago_missouriensis,Aboveground,SM_Pplots_E8,40.94076716,0.04,1.1,28,6,7,15,0,N/A,N/A,N/A,16.7,3998.648,0.3736,0.8404,3.152138383,0.36041564,0.043127798,1.97,47.58,1.57,42.47,"2 ind., one root"
07_09_2021,KZA,Nutnet,,4,0,Control ,Solidago_missouriensis,Aboveground,SM_Nutnet_4(S1),,,,,,,,,,,,,,,,,,,,,,,none in plot: SAMPLE NOT COLLECTED
07_09_2021,KZA,Nutnet,,4,0,Control ,Solidago_missouriensis,Aboveground,SM_Nutnet_4(S2),,,,,,,,,,,,,,,,,,,,,,,none in plot: SAMPLE NOT COLLECTED
07_12_2021,KZA,Nutnet,,5,10,10,Solidago_missouriensis,Aboveground,SM_Nutnet_5(S1),23.17007445,0.036666667,0.48,16,4,2,10,0,N/A,N/A,N/A,14.6,2806.266,0.0692,1.4523,6.49227789,0.18399411,0.03115285,1.48,48.05,1.76,44.83,"2 ind, one root, SC=11.1cm"
07_12_2021,KZA,Nutnet,,5,10,10,Solidago_missouriensis,Aboveground,SM_Nutnet_5(S2),28.9406737,0.036666667,0.42,15,4,4,7,0,N/A,N/A,N/A,13.5,1851.66,0.2364,2.5693,2.242777496,0.35143125,0.050097976,1.56,48.1,2.04,43.92,"2 ind, 1 root, SC=11.3cm"
07_12_2021,KZA,Nutnet,,14,10,10,Solidago_missouriensis,Aboveground,SM_Nutnet_14(S1),28.24250222,0.043333333,1.12,15,3,1,11,0,N/A,N/A,N/A,27,3984.12,0.147,1.3485,,,,1.72,48.28,,,
07_12_2021,KZA,Nutnet,,14,10,10,Solidago_missouriensis,Aboveground,SM_Nutnet_14(S2),32.61929373,0.026666667,0.67,15,8,1,6,0,N/A,N/A,N/A,24.3,2356.128,0.2052,2.977,2.746251462,0.32782477,0.054353785,1.7,48.77,1.73,44.89,2 S leaves fell off when clipping
07_12_2021,KZA,Nutnet,,18,0,Control,Solidago_missouriensis,Aboveground,SM_Nutnet_18(S1),30.73978135,0.036666667,0.34,10,1,2,7,0,N/A,N/A,N/A,16.9,1945.866,0.1565,2.2626,4.671696486,0.25093818,0.036638916,0.95,46.93,0.6,43.3,
07_12_2021,KZA,Nutnet,,18,0,Control,Solidago_missouriensis,Aboveground,SM_Nutnet_18(S2),,,,,,,,,,,,,,,,,,,,,,,no adults left in plot; SAMPLE NOT COLLECTED
07_12_2021,KZA,Nutnet,,21,0,Control,Solidago_missouriensis,Aboveground,SM_Nutnet_21(S1),38.15252177,0.04,0.64,18,2,1,15,0,N/A,N/A,N/A,25.7,1222.549,0.225,0.8886,2.532531733,0.42850295,0.073796146,2.03,46.03,1.78,45.86,
07_12_2021,KZA,Nutnet,,21,0,Control,Solidago_missouriensis,Aboveground,SM_Nutnet_21(S2),36.58449698,0.036666667,2.71,30,7,3,20,1,1,N/A,N/A,38.4,5482.752,0.0198,1.1775,6.668086869,0.20324527,0.03421128,2.38,46.45,0.52,51.97,
07_12_2021,KZA,Nutnet,,25,10,10,Solidago_missouriensis,Aboveground,SM_Nutnet_25(S1),36.95415671,0.043333333,0.12,8,2,1,5,0,N/A,N/A,N/A,13.9,986.622,0.1075,3.3389,2.326914977,0.25663954,0.046713393,0.93,47.18,0.67,46.76,SC=11.1
07_12_2021,KZA,Nutnet,,25,10,10,Solidago_missouriensis,Aboveground,SM_Nutnet_25(S2),37.87907367,0.04,0.1,8,2,1,5,0,N/A,N/A,N/A,14.1,1042.695,0.08,1.4278,4.701427875,0.14609924,0.03683517,0.94,47.07,0.73,44.43,SC=9.5
07_06_2021,KZA,Change,A,A2,20,20,Solidago_missouriensis,Aboveground,SM_Change_A2,26.6280526,0.05,10.99,110,8,72,30,14,13,N/A,1,56.6,15854.792,1.6219,3.3058,1.162799864,0.41411683,0.065098,1.79,46.61,1.34,43.94,
07_06_2021,KZA,Change,A,A3,10,10,Solidago_missouriensis,Aboveground,SM_Change_A3,31.86418917,0.046666667,4.66,25,6,0,19,1,1,N/A,N/A,54.8,10911.776,0.997,4.1984,1.451752156,0.6945362,0.07291936,1.25,45.73,1.64,44.76,
07_06_2021,KZA,Change,A,A6,0,Control,Solidago_missouriensis,Aboveground,SM_Change_A6,30.17198145,0.053333333,1.73,24,4,1,19,0,N/A,N/A,N/A,31,3715.04,0.4081,3.8658,1.875769909,0.48372936,0.06898302,2.29,44.59,0.6,44.37,
07_06_2021,KZA,Change,A,A8,2.5,2.5,Solidago_missouriensis,Aboveground,SM_Change_A8,25.73055088,0.043333333,3.03,32,10,0,22,1,1,N/A,N/A,49.3,5696.122,0.275,9.1441,2.354543782,0.2571427,0.034821503,1.3,46.07,0.93,44.79,
07_07_2021,KZA,Change,B,B9,0,Control,Solidago_missouriensis,Aboveground,SM_Change_B9,34.31084674,0.03,1.37,26,2,0,24,1,1,N/A,N/A,30.8,3701.852,0.5545,3.5282,0.694707124,0.44811755,0.082718365,0.98,46.21,0.64,42.39,only sample found on edge
07_07_2021,KZA,Change,B,B10,2.5,2.5,Solidago_missouriensis,Aboveground,SM_Change_B10,29.565955,0.04,3.11,24,10,0,14,1,1,N/A,N/A,47.7,7094.898,0.5257,3.0199,2.312258703,0.27800822,0.030861527,1.46,47.41,0.99,43.81,
07_07_2021,KZA,Change,B,B12,20,20,Solidago_missouriensis,Aboveground,SM_Change_B12,30.27287857,0.06,8.12,27,13,0,14,14,14,N/A,N/A,58.2,17924.436,1.3852,4.1922,1.791915969,0.5438825,0.048938643,1.59,46.94,1.27,40.55,
07_07_2021,KZA,Change,B,B15,10,10,Solidago_missouriensis,Aboveground,SM_Change_B15,32.65431566,0.046666667,3.59,29,10,0,19,1,1,N/A,N/A,39.1,8349.023,0.4925,1.9075,3.561909848,0.4071324,0.036001284,1.67,46.34,1.36,43.26,
07_07_2021,KZA,Change,C,C18,20,20,Solidago_missouriensis,Aboveground,SM_Change_C18,31.65995078,0.056666667,4.13,30,9,0,21,1,1,N/A,N/A,47.4,8638.176,0.1735,5.028,1.552332911,0.21422984,0.042352483,1.65,46.94,1.18,44.42,
07_07_2021,KZA,Change,C,C19,10,10,Solidago_missouriensis,Aboveground,SM_Change_C19,26.87454144,0.05,3.56,18,7,0,11,5,5,N/A,N/A,49,8028.16,0.1755,4.6866,1.345318746,0.26189625,0.04550739,1.47,47.46,1.83,44.96,
07_07_2021,KZA,Change,C,C21,0,Control,Solidago_missouriensis,Aboveground,SM_Change_C21,32.60695354,0.043333333,3.52,29,5,0,24,1,1,N/A,N/A,53.1,8563.968,0.3392,3.6519,1.3245,0.29196382,0.054669823,1.26,46.92,0.81,46.85,big Amorpha root in cone
07_07_2021,KZA,Change,C,C22,2.5,2.5,Solidago_missouriensis,Aboveground,SM_Change_C22,23.13763911,0.05,3.25,18,3,0,15,1,1,N/A,N/A,52,7544.16,0.5545,3.5282,2.666836249,0.5965995,0.06276148,1.1,45.87,1,44.59,
07_07_2021,KZA,Change,D,D25,2.5,2.5,Solidago_missouriensis,Aboveground,SM_Change_D25,26.11870123,0.05,5.98,28,6,0,22,1,1,N/A,N/A,59.8,15031.926,0.7337,4.9799,1.732287665,0.22202522,0.04309031,1.25,45.62,0.62,44.8,only sample found on edge
07_07_2021,KZA,Change,D,D30,0,Control,Solidago_missouriensis,Aboveground,SM_Change_D30,27.57539351,0.063333333,7.7,27,8,2,17,4,4,N/A,N/A,63.8,21945.924,0.6158,3.4518,1.122887788,0.34098768,0.0583374,2.05,46.37,1.58,44.6,
07_07_2021,KZA,Change,D,D31,10,10,Solidago_missouriensis,Aboveground,SM_Change_D31,23.2162934,0.036666667,3.85,37,7,1,29,1,1,N/A,N/A,57.8,10834.032,0.5118,1.0627,1.61250086,0.46524423,0.057806086,0.97,46.74,0.8,45.1,
07_07_2021,KZA,Change,D,D32,20,20,Solidago_missouriensis,Aboveground,SM_Change_D32,32.24270035,0.05,3.46,23,3,0,20,6,6,N/A,N/A,32.2,6515.348,0.9676,4.7766,1.603070897,0.47129565,0.06575209,2.27,48.19,2.14,43.31,
07_07_2021,KZA,Change,E,E33,0,Control,Solidago_missouriensis,Aboveground,SM_Change_E33,23.33837143,0.05,4.31,33,9,8,16,1,1,N/A,N/A,51.7,6295.509,0.5501,1.9981,3.393376113,0.40288407,0.040184934,0.99,46.6,1.32,44.26,soil cone=12.5cm
07_07_2021,KZA,Change,E,E34,20,20,Solidago_missouriensis,Aboveground,SM_Change_E34,25.68621555,0.046666667,3.07,26,2,0,24,1,1,N/A,N/A,41.1,7543.494,0.6364,2.2064,2.099999529,0.5087523,0.05045392,1.98,48.45,0.85,45.16,only sample found on edge
07_07_2021,KZA,Change,E,E37,2.5,2.5,Solidago_missouriensis,Aboveground,SM_Change_E37,28.81721488,0.053333333,5.37,44,4,0,24,2,2,N/A,N/A,57.5,7603.8,0.7605,2.0796,2.368692571,0.41876906,0.04765221,1,45.75,0.78,44.1,
07_07_2021,KZA,Change,E,E40,10,10,Solidago_missouriensis,Aboveground,SM_Change_E40,28.88902315,0.04,1.82,39,10,9,20,1,1,N/A,N/A,42,2555.28,0.1032,2.2335,2.984799419,0.29059556,0.040403448,2.3,48.42,1.71,44.25,plot dominated by solidago miss.
07_07_2021,KZA,Change,F,F41,20,20,Solidago_missouriensis,Aboveground,SM_Change_F41,44.03095561,0.053333333,2.25,21,7,1,13,1,1,N/A,N/A,36,8480.16,0.188,1.9787,3.085106383,0.21774194,0.036964234,2.31,47.89,1.93,42.84,
07_07_2021,KZA,Change,F,F44,10,10,Solidago_missouriensis,Aboveground,SM_Change_F44,31.95973614,0.053333333,3.5,15,2,0,13,1,1,N/A,N/A,39,4017.78,1.7136,2.3608,0.903999825,0.49999663,0.069708675,2.28,46.73,1.17,45.98,
07_07_2021,KZA,Change,F,F45,0,Control,Solidago_missouriensis,Aboveground,SM_Change_F45,27.00463492,0.033333333,0.9,23,0,3,20,1,1,N/A,N/A,29.6,2168.496,0.619,5.1461,1.224800969,0.28565115,0.037510708,0.87,45.66,1.96,43.26,
07_07_2021,KZA,Change,F,F48,2.5,2.5,Solidago_missouriensis,Aboveground,SM_Change_F48,,,,,,,,,,,,,,,,,,,,,,,SAMPLE NOT COLLECTED
07_26_2021,KZA,Pplots,,F1,0,Control,Andropogon_gerardii,Aboveground,AG_Pplots_F1,45.80144159,0.033333333,0.63,9,4,1,4,0,N/A,N/A,N/A,68.7,42392.709,0.4251,2.9106,4.486144437,0.27583584,0.033828914,0.91,43.89,1.18,39.81,
07_26_2021,KZA,Pplots,,E5,10,10,Andropogon_gerardii,Aboveground,AG_Pplots_E5,50.89029204,0.046666667,0.55,9,5,1,3,0,N/A,N/A,N/A,61,9501.36,0.4105,2.3176,7.961545432,0.43571427,0.03891206,1.06,44.74,0.33,43.65,
07_26_2021,KZA,Pplots,,C5,0,Control,Andropogon_gerardii,Aboveground,AG_Pplots_C5,48.21674702,0.04,0.4,10,4,0,7,0,N/A,N/A,N/A,50,35919.5,0.7672,4.2417,4.181027503,0.2267627,0.03243846,1.56,45.48,0.59,38.41,
07_26_2021,KZA,Pplots,,A5,0,Control,Andropogon_gerardii,Aboveground,AG_Pplots_A5,46.95552796,0.043333333,0.45,7,3,0,4,0,N/A,N/A,N/A,78.3,17222.868,0.4446,3.9215,7.272644399,0.5573021,0.03743233,1.15,43.18,0.48,39.04,
07_26_2021,KZA,Pplots,,D6,0,Control,Andropogon_gerardii,Aboveground,AG_Pplots_D6,60.38326549,0.026666667,0.51,15,4,0,11,0,N/A,N/A,N/A,46,33192.68,0.7743,3.0708,5.607839339,0.27722284,0.031545177,1.07,44.75,0.49,41.14,
07_26_2021,KZA,Pplots,,C6,0,Control,Andropogon_gerardii,Aboveground,AG_Pplots_C6,52.87356079,0.033333333,0.45,10,8,0,2,0,N/A,N/A,N/A,37.7,4858.776,0.2826,1.559,6.349405166,0.52281725,0.044156674,1.34,45.06,0.6,42.4,
07_26_2021,KZA,Pplots,,B6,10,10,Andropogon_gerardii,Aboveground,AG_Pplots_B6,,,1.25,14,6,2,6,0,N/A,N/A,N/A,68.4,57579.12,0.9696,6.5059,5.348731848,0.34641385,0.03679206,1.08,43.51,0.94,41.41,
07_26_2021,KZA,Pplots,,D7,10,10,Andropogon_gerardii,Aboveground,AG_Pplots_D7,,,1.38,12,5,1,6,0,N/A,N/A,N/A,69.2,50867.536,2.6132,4.7539,4.753879535,0.9825993,0.04051324,1.24,43.58,1.06,33.84,
07_26_2021,KZA,Pplots,,C7,10,10,Andropogon_gerardii,Aboveground,AG_Pplots_C7,,,0.66,10,5,1,4,0,N/A,N/A,N/A,63.9,48022.128,0.215,2.8235,6.979853488,0.49987465,0.029731244,1.22,45.4,0.89,44.41,
07_26_2021,KZA,Pplots,,B7,10,10,Andropogon_gerardii,Aboveground,AG_Pplots_B7,,,0.83,21,12,0,9,0,N/A,N/A,N/A,53.1,30480.993,0.3671,3.2004,6.49011441,0.33613446,0.04691472,1.43,45.51,1.12,42.25,
07_26_2021,KZA,Pplots,,F8,0,Control,Andropogon_gerardii,Aboveground,AG_Pplots_F8,,,0.53,9,3,1,5,0,N/A,N/A,N/A,45.5,23179.52,0.7156,6.2234,4.191522778,0.44953766,0.047916763,0.91,44.4,0.52,37.5,
07_26_2021,KZA,Pplots,,E8,10,10,Andropogon_gerardii,Aboveground,AG_Pplots_E8,,,1.12,21,8,2,11,0,N/A,N/A,N/A,67.3,56301.834,1.5946,2.4277,3.385247711,0.3997953,0.039698474,1.39,45.14,0.79,38.48,
07_28_2021,KZA,Nutnet,,4,0,Control ,Andropogon_gerardii,Aboveground,AG_Nutnet_4(S1),59.91228654,0.026666667,0.09,8,3,1,4,0,Not,Not,Not,27.5,2613.6,0.3658,2.8639,2.871411427,0.14492753,0.039895818,1.56,45.12,0.45,38.44,
07_28_2022,KZA,Nutnet,,4,0,Control ,Andropogon_gerardii,Aboveground,AG_Nutnet_4(S2),49.69428062,0.03,0.26,8,3,1,4,0,Not,Not,Not,33.1,6323.424,0.3993,3.5065,5.880318557,0.2823688,0.032947768,1.04,43.54,0.4,40.8,
07_28_2023,KZA,Nutnet,,5,10,10,Andropogon_gerardii,Aboveground,AG_Nutnet_5(S1),67.1857271,0.033333333,0.97,15,8,1,6,0,Not,Not,Not,54.2,19383.546,0.6626,0.9985,4.320410806,0.4737582,0.054073837,1.01,44.37,1.07,37.16,
07_28_2024,KZA,Nutnet,,5,10,10,Andropogon_gerardii,Aboveground,AG_Nutnet_5(S2),62.59846434,0.04,0.56,10,4,1,5,0,Not,Not,Not,44.1,16735.509,0.1325,1.3396,1.918272604,0.22987053,0.052824505,1.05,43.1,1.7,40.96,
07_28_2025,KZA,Nutnet,,14,10,10,Andropogon_gerardii,Aboveground,AG_Nutnet_14(S1),46.85838427,0.04,0.53,11,6,5,0,0,Not,Not,Not,46.3,37446.514,0.3854,1.5837,4.937647639,0.33853495,0.033752847,1.82,45.32,0.96,34.76,
07_28_2026,KZA,Nutnet,,14,10,10,Andropogon_gerardii,Aboveground,AG_Nutnet_14(S2),54.92674132,0.03,0.39,22,10,12,0,0,Not,Not,Not,37.9,12457.73,0.3816,3.7323,5.274761006,0.2768494,0.033970363,1.42,45.51,1.25,39.56,
07_28_2027,KZA,Nutnet,,18,0,Control,Andropogon_gerardii,Aboveground,AG_Nutnet_18(S1),46.48281886,0.04,0.36,10,4,6,0,0,Not,Not,Not,38.8,8033.54,0.4335,3.501,3.141421684,0.33075956,0.037442856,1.24,43.67,0.55,41.72,
07_28_2028,KZA,Nutnet,,18,0,Control,Andropogon_gerardii,Aboveground,AG_Nutnet_18(S2),45.99347299,0.043333333,0.61,20,11,9,0,0,Not,Not,Not,40.2,27914.076,1.025,3.1678,4.992042244,0.44939643,0.034416486,1.89,44.74,0.44,39.84,
07_28_2029,KZA,Nutnet,,21,0,Control,Andropogon_gerardii,Aboveground,AG_Nutnet_21(S1),37.98298718,0.053333333,2.09,27,16,2,9,0,Not,Not,Not,62.1,52881.876,1.2106,3.3534,4.494611763,0.5882353,0.041518778,1.46,45.61,1.03,37.38,
07_28_2030,KZA,Nutnet,,21,0,Control,Andropogon_gerardii,Aboveground,AG_Nutnet_21(S2),51.05733684,0.053333333,1.95,24,12,1,11,0,Not,Not,Not,58.5,56646.72,1.2459,1.6109,3.952747412,0.52546,0.04294378,1.39,44.46,0.47,42.31,
07_28_2031,KZA,Nutnet,,25,10,10,Andropogon_gerardii,Aboveground,AG_Nutnet_25(S1),56.79612178,0.023333333,0.1,7,4,3,0,0,Not,Not,Not,31.3,5168.256,0.4406,1.8465,6.248295506,0.28155917,0.028256314,1.47,45.59,1.06,31.34,
07_28_2032,KZA,Nutnet,,25,10,10,Andropogon_gerardii,Aboveground,AG_Nutnet_25(S2),52.76688437,0.046666667,0.45,9,4,1,4,0,Not,Not,Not,52.1,7788.95,0.4401,2.453,4.43513406,0.44763002,0.05328931,1.3,44.68,0.42,44.38,
07_27_2021,KZA,Change,A,A2,20,20,Andropogon_gerardii,Aboveground,AG_Change_A2,54.76285805,0.046666667,0.48,9,4,1,5,n/a,n/a,n/a,n/a,71.6,22624.168,0.2919,6.385,1.700556492,0.2666089,0.054350704,1.19,45.77,0.75,43.59,
07_27_2021,KZA,Change,A,A3,10,10,Andropogon_gerardii,Aboveground,AG_Change_A3,56.00961731,0.046666667,0.93,11,6,1,4,n/a,n/a,n/a,n/a,67.5,99346.5,0.4757,4.2353,4.215128022,0.28454337,0.03810272,1.54,44.71,0.89,42.02,
07_27_2021,KZA,Change,A,A6,0,Control,Andropogon_gerardii,Aboveground,AG_Change_A6,47.6359291,0.043333333,0.82,16,7,1,8,n/a,n/a,n/a,n/a,62,75463.92,0.6274,4.0813,4.136246733,0.4876903,0.03940688,1.58,45.06,0.47,37.82,
07_27_2021,KZA,Change,A,A8,2.5,2.5,Andropogon_gerardii,Aboveground,AG_Change_A8,57.08403283,0.033333333,0.36,12,7,1,4,n/a,n/a,n/a,n/a,52,6795.36,0.3743,2.642,2.076293348,0.43893376,0.06146334,1.05,44.4,0.75,39.73,
07_27_2021,KZA,Change,B,B9,0,Control,Andropogon_gerardii,Aboveground,AG_Change_B9,50.45411185,0.03,0.04,11,5,1,5,0,Not,Not,Not,45.2,8759.76,0.3371,3.0941,5.323922872,0.3498895,0.037151773,1.14,45.63,0.62,39.85,
07_27_2021,KZA,Change,B,B10,2.5,2.5,Andropogon_gerardii,Aboveground,AG_Change_B10,42.39956849,0.053333333,0.63,8,3,0,5,0,Not,Not,Not,57,23610.54,1.9266,5.3047,1.567183899,0.56681937,0.07424379,1.19,44.7,0.61,30.1,
07_27_2021,KZA,Change,B,B12,20,20,Andropogon_gerardii,Aboveground,AG_Change_B12,54.18235158,0.033333333,1.14,27,15,3,9,0,Not,Not,Not,47.7,28831.788,1.01,2.8097,1.843979604,0.4757447,0.049688246,1.64,45.51,1.13,43.81,
07_27_2021,KZA,Change,B,B15,10,10,Andropogon_gerardii,Aboveground,AG_Change_B16,64.4979307,0.026666667,0.35,18,11,2,5,0,Not,Not,Not,47.5,9427.325,,,4.825735156,0.47843137,0.03599661,1.46,45.28,1.2,37.52,
07_27_2021,KZA,Change,C,C18,20,20,Andropogon_gerardii,Aboveground,AG_Change_C18,52.61100144,0.04,1.03,23,10,2,11,0,Not,Not,Not,49.4,22221.108,0.7274,3.4605,5.30991614,0.46704143,0.038029622,1.53,44.89,1.07,45.24,
07_27_2021,KZA,Change,C,C19,10,10,Andropogon_gerardii,Aboveground,AG_Change_C19,60.18721754,0.033333333,0.22,10,6,1,3,0,Not,Not,Not,43.9,9550.884,0.4339,1.6639,5.539736345,0.6639816,0.048549592,1.17,45.03,1.26,41.35,
07_27_2021,KZA,Change,C,C21,0,Control,Andropogon_gerardii,Aboveground,AG_Change_C21,35.35495653,0.06,1.04,10,3,1,6,0,Not,Not,Not,76.7,51026.976,0.2339,2.0482,8.180823856,0.31156147,0.030413259,0.96,44.09,0.36,43.97,
07_27_2021,KZA,Change,C,C22,2.5,2.5,Andropogon_gerardii,Aboveground,AG_Change_C22,52.03981241,0.046666667,0.32,7,3,1,3,0,Not,Not,Not,50,8844,1.2285,6.4666,,,,1.17,43.98,0.44,40.59,
07_27_2021,KZA,Change,D,D25,2.5,2.5,Andropogon_gerardii,Aboveground,AG_Change_D25,53.93391612,0.046666667,0.5,10,4,1,5,0,Not,Not,Not,45,37733.85,0.4774,1.9845,1.858287809,0.22571653,0.04613073,1.24,41.92,0.66,37.42,
07_27_2021,KZA,Change,D,D30,0,Control,Andropogon_gerardii,Aboveground,AG_Change_D30,53.93917269,0.026666667,0.24,10,5,1,4,0,Not,Not,Not,46.1,10336.542,0.2822,4.2165,6.601161233,0.28982463,0.037081998,0.86,43.94,0.53,42.48,No measurements given
07_27_2021,KZA,Change,D,D31,10,10,Andropogon_gerardii,Aboveground,AG_Change_D31,50.72659983,0.04,0.95,14,7,1,6,0,Not,Not,Not,46.9,17844.512,0.8498,2.3671,2.917298188,,,1.49,44.27,1,35.79,
07_27_2021,KZA,Change,D,D32,20,20,Andropogon_gerardii,Aboveground,AG_Change_D32,44.92887011,0.053333333,0.93,14,8,1,5,0,Not,Not,Not,59.8,47719.802,0.3799,1.8106,4.977692024,0.56753457,0.049283683,1.79,45.09,1.35,38.87,
07_27_2021,KZA,Change,E,E33,0,Control,Andropogon_gerardii,Aboveground,AG_Change_E33,47.90286578,0.053333333,0.59,11,5,1,5,0,Not,Not,Not,50.7,19581.354,0.274,2.1182,5.519877372,0.2719652,0.02647387,1,44.76,0.4,43.28,
07_27_2021,KZA,Change,E,E34,20,20,Andropogon_gerardii,Aboveground,AG_Change_E34,64.12331604,0.04,0.35,10,5,1,4,0,Not,Not,Not,57,31010.85,0.2476,4.4438,7.348303716,0.336,0.039099153,1.79,45.04,1.46,39.86,
07_27_2021,KZA,Change,E,E37,2.5,2.5,Andropogon_gerardii,Aboveground,AG_Change_E37,55.0232406,0.033333333,0.49,15,8,1,6,0,Not,Not,Not,45.1,20302.216,0.7009,3.7056,3.735740762,0.41160798,0.055574834,0.9,43.24,0.58,42.67,
07_27_2021,KZA,Change,E,E40,10,10,Andropogon_gerardii,Aboveground,AG_Change_E40,52.13562294,0.046666667,1.86,27,13,2,12,0,Not,Not,Not,67.2,43972.992,0.4473,1.9976,2.493128549,0.4792789,0.07219433,1.37,44.81,0.87,36.85,
07_27_2021,KZA,Change,F,F41,20,20,Andropogon_gerardii,Aboveground,AG_Change_F41,50.63713097,0.053333333,3.25,27,12,2,13,0,Not,Not,Not,83,52698.36,0.2526,1.562,5.858079177,0.31294054,0.047943424,1.32,45.06,1.25,38.98,
07_27_2021,KZA,Change,F,F44,10,10,Andropogon_gerardii,Aboveground,AG_Change_F44,53.12469377,0.043333333,1.83,26,16,1,9,0,Not,Not,Not,61.3,30884.166,0.9188,6.1,2.02317414,0.6189695,0.09811369,1.35,44.95,1.3,38.74,
07_27_2021,KZA,Change,F,F45,0,Control,Andropogon_gerardii,Aboveground,AG_Change_F45,54.00448938,0.036666667,0.1,8,3,1,4,0,Not,Not,Not,58.4,11622.768,0.346,3.2818,5.37331474,0.33848834,0.04296872,0.83,44.8,0.44,42.54,
07_27_2021,KZA,Change,F,F48,2.5,2.5,Andropogon_gerardii,Aboveground,AG_Change_F48,50.94789021,0.04,0.32,8,3,1,4,0,Not,Not,Not,55.7,26470.868,0.2852,2.9147,5.805789621,0.2763564,0.030544462,1.08,44.88,0.77,39.73,
08_02_2021,KZA,Pplots,,F1,0,Control,Sorghastrum_nutans,Aboveground,SN_Pplots_F1,47.00297364,0.04,0.33,7,4,1,2,0,N/A,N/A,N/A,58.4,5329,0.3194,3.0617,7.523265498,0.36206895,0.03570748,0.75,42.96,0.44,44.57,
08_02_2021,KZA,Pplots,,E5,10,10,Sorghastrum_nutans,Aboveground,SN_Pplots_E5,62.22514719,0.043333333,0.74,9,5,1,3,0,N/A,N/A,N/A,61.1,12547.496,0.6766,2.977,6.224451966,0.5043458,0.04155631,1.14,42.74,0.74,44.05,
08_02_2021,KZA,Pplots,,C5,0,Control,Sorghastrum_nutans,Aboveground,SN_Pplots_C5,43.0412493,0.033333333,0.37,7,4,0,3,0,N/A,N/A,N/A,47.7,11164.662,0.4042,2.3506,9.217116526,0.56779134,0.046464965,1.06,43.71,0.44,44.49,
08_02_2021,KZA,Pplots,,A5,0,Control,Sorghastrum_nutans,Aboveground,SN_Pplots_A5,38.62823295,0.036666667,0.58,8,3,1,4,0,N/A,N/A,N/A,49,9945.04,0.8278,5.8733,2.941442498,0.57732344,0.05227113,1.06,43.61,0.4,44.91,
08_02_2021,KZA,Pplots,,D6,0,Control,Sorghastrum_nutans,Aboveground,SN_Pplots_D6,46.73028767,0.033333333,1.89,11,2,2,7,0,N/A,N/A,N/A,66.9,34223.364,0.6111,2.9316,4.565247914,0.28937343,0.04176848,1.06,43.58,0.36,44.28,
08_02_2021,KZA,Pplots,,C6,0,Control,Sorghastrum_nutans,Aboveground,SN_Pplots_C6,44.3943684,0.03,4.01,21,8,3,10,0,N/A,N/A,N/A,69.2,39545.724,1.4788,4.4585,3.615677171,0.6971139,0.04118734,1.06,43.44,0.44,44.83,
08_02_2021,KZA,Pplots,,B6,10,10,Sorghastrum_nutans,Aboveground,SN_Pplots_B6,42.51968825,0.036666667,0.88,8,4,1,3,0,N/A,N/A,N/A,61,46730.88,0.2893,2.2616,6.787638438,0.41402552,0.0418632,1.28,44.58,0.94,44.93,
08_02_2021,KZA,Pplots,,D7,10,10,Sorghastrum_nutans,Aboveground,SN_Pplots_D7,48.63903348,0.03,0.94,7,3,1,3,0,N/A,N/A,N/A,55,3741.1,0.7525,2.5611,8.237391362,0.49159825,0.038678855,1.34,44.37,0.67,43.01,
08_02_2021,KZA,Pplots,,C7,10,10,Sorghastrum_nutans,Aboveground,SN_Pplots_C7,39.40347039,0.043333333,0.9,8,4,1,3,0,N/A,N/A,N/A,62.5,14340.625,0.3255,2.4742,5.75770937,0.5582989,0.05283232,1.28,44.48,0.89,44.41,
08_02_2021,KZA,Pplots,,B7,10,10,Sorghastrum_nutans,Aboveground,SN_Pplots_B7,55.01660417,0.03,0.48,16,9,2,5,0,N/A,N/A,N/A,60.5,19565.7,0.6177,1.5836,7.508645297,0.4148486,0.04158148,1.4,44.83,1.29,41.96,
08_02_2021,KZA,Pplots,,F8,0,Control,Sorghastrum_nutans,Aboveground,SN_Pplots_F8,47.06108851,0.026666667,0.14,6,2,1,3,0,N/A,N/A,N/A,41.9,3846.42,0.4837,1.6179,4.791928882,0.46646142,0.05048295,0.87,43.09,0.4,45,
08_02_2021,KZA,Pplots,,E8,10,10,Sorghastrum_nutans,Aboveground,SN_Pplots_E8,34.9701488,0.06,1.78,9,2,3,4,0,N/A,N/A,N/A,82.4,46674.656,0.2563,2.2238,9.748935622,0.45826957,0.04643434,1.38,44.61,1.19,44.58,
08_03_2021,KZA,Nutnet,,4,0,Control ,Sorghastrum_nutans,Aboveground,SN_Nutnet_4(S1),37.5837148,0.026666667,0.51,7,5,1,1,0,N/A,N/A,N/A,37.9,7968.475,0.3211,3.9046,3.807615073,0.52892995,0.059930697,0.77,42.98,0.62,44.67,
08_03_2021,KZA,Nutnet,,4,0,Control ,Sorghastrum_nutans,Aboveground,SN_Nutnet_4(S2),47.36616814,0.02,0.04,6,2,1,3,0,N/A,N/A,N/A,36,2203.2,0.1934,2.911,9.018394002,0.23373163,0.032979175,0.79,43.48,0.64,43.82,SC=11.2cm
08_03_2021,KZA,Nutnet,,5,10,10,Sorghastrum_nutans,Aboveground,SN_Nutnet_5(S1),41.67942373,0.03,1.22,9,4,1,4,0,N/A,N/A,N/A,59.9,69932.052,0.29,2.1917,10.84504483,0.4130327,0.034257405,1.28,43.64,1.04,43.33,SC=14.0cm
08_03_2021,KZA,Nutnet,,5,10,10,Sorghastrum_nutans,Aboveground,SN_Nutnet_5(S2),44.5086557,0.033333333,1.12,8,4,1,3,0,N/A,N/A,N/A,55,31917.6,0.5854,2.2007,5.735675094,0.40875912,0.037309106,1.39,43.54,1.09,43.87,SC=10.5cm
08_03_2021,KZA,Nutnet,,14,10,10,Sorghastrum_nutans,Aboveground,SN_Nutnet_14(S1),48.67507236,0.02,0.33,7,4,1,2,0,N/A,N/A,N/A,42.8,10402.112,0.165,4.2006,6.081015152,0.28267854,0.024933469,1.42,43.22,1.25,43.92,
08_03_2021,KZA,Nutnet,,14,10,10,Sorghastrum_nutans,Aboveground,SN_Nutnet_14(S2),40.12026582,0.03,1.53,13,5,2,6,0,N/A,N/A,N/A,60.2,60180.736,0.6852,2.0069,3.243862668,0.3803024,0.051676914,1.16,42.63,1.38,39.63,
08_03_2021,KZA,Nutnet,,18,0,Control,Sorghastrum_nutans,Aboveground,SN_Nutnet_18(S1),46.35777328,0.02,0.05,5,2,1,2,0,N/A,N/A,N/A,42.1,12276.36,0.2344,2.2788,9.185175768,0.26117566,0.034729786,0.79,42.96,0.62,43.57,SC=13.5cm
08_03_2021,KZA,Nutnet,,18,0,Control,Sorghastrum_nutans,Aboveground,SN_Nutnet_18(S2),67.02486911,0.023333333,0.07,5,2,1,2,0,N/A,N/A,N/A,34.1,1457.775,0.3974,2.6439,8.134825113,0.42757,0.0332581,0.88,42.35,0.66,42.6,
08_03_2021,KZA,Nutnet,,21,0,Control,Sorghastrum_nutans,Aboveground,SN_Nutnet_21(S1),37.10799,0.033333333,1.4,12,5,2,5,0,N/A,N/A,N/A,54,51036.48,0.5343,1.5428,3.905028636,0.3542003,0.040581614,1.45,44.62,1.01,42.25,
08_03_2021,KZA,Nutnet,,21,0,Control,Sorghastrum_nutans,Aboveground,SN_Nutnet_21(S2),37.81992922,0.043333333,0.85,9,6,3,0,0,N/A,N/A,N/A,60.9,22515.948,0.6728,1.1781,4.093822384,0.75190294,0.05853519,1.57,44.73,0.9,42.91,
08_03_2021,KZA,Nutnet,,25,10,10,Sorghastrum_nutans,Aboveground,SN_Nutnet_25(S1),45.64258039,0.033333333,0.14,6,2,0,4,0,N/A,N/A,N/A,41.9,14547.261,0.4864,3.6375,7.864542969,0.4306142,0.03541003,0.96,43,0.68,44.59,SC=12.6cm
08_03_2021,KZA,Nutnet,,25,10,10,Sorghastrum_nutans,Aboveground,SN_Nutnet_25(S2),43.76347685,0.043333333,0.91,7,3,0,4,0,N/A,N/A,N/A,53.8,31974.416,0.5303,2.9572,2.611636244,0.7033648,0.14339429,0.81,42.93,0.49,44.31,
08_04_2021,KZA,Change,A,A2,20,20,Sorghastrum_nutans,Aboveground,SN_Change_A2,35.74331068,0.03,0.32,7,2,1,4,0,Not,Not,Not,85.4,12255.754,0.5687,5.5007,4.453199578,0.3688381,0.03755169,1.38,43.78,1.3,43.45,
08_04_2021,KZA,Change,A,A3,10,10,Sorghastrum_nutans,Aboveground,SN_Change_A3,48.5676942,0.026666667,0.71,8,2,2,4,0,Not,Not,Not,56.5,42133.18,0.142,2.6944,9.33454507,0.23619127,0.038579125,1.23,42.79,0.99,44.74,
08_04_2021,KZA,Change,A,A6,0,Control,Sorghastrum_nutans,Aboveground,SN_Change_A6,59.23756868,0.02,0.11,4,1,0,3,0,Not,Not,Not,49.1,9824.91,0.2037,3.4733,11.86069514,0.2752973,0.029948197,1.06,43.16,0.36,44.01,
08_04_2021,KZA,Change,A,A8,2.5,2.5,Sorghastrum_nutans,Aboveground,SN_Change_A8,58.76872024,0.03,0.15,7,4,0,3,0,Not,Not,Not,63.1,10188.126,0.2469,7.6401,5.758276225,0.35146585,0.04781336,0.97,43.47,0.44,43.63,
08_04_2021,KZA,Change,B,B9,0,Control,Sorghastrum_nutans,Aboveground,SN_Change_B9,47.21791167,0.02,0.17,8,4,0,4,0,Not,Not,Not,42.9,8285.277,0.3424,1.6101,5.393834696,0.3902309,0.03895202,0.85,40.6,0.6,40.18,
08_04_2021,KZA,Change,B,B10,2.5,2.5,Sorghastrum_nutans,Aboveground,SN_Change_B10,37.49578738,0.026666667,0.34,7,3,0,4,0,Not,Not,Not,57.5,38301.9,0.843,1.984,4.921329419,0.44240797,0.038212202,1.12,42.41,0.63,39.93,
08_04_2021,KZA,Change,B,B12,20,20,Sorghastrum_nutans,Aboveground,SN_Change_B12,43.05636388,0.026666667,0.46,7,2,2,3,0,Not,Not,Not,54.1,24680.961,0.4412,3.8452,7.375967135,0.5915268,0.040397443,1.41,43.04,0.89,43.16,
08_04_2021,KZA,Change,B,B15,10,10,Sorghastrum_nutans,Aboveground,SN_Change_B15,35.44295398,0.03,0.43,7,4,1,2,0,Not,Not,Not,53.1,12645.234,0.4647,2.0959,3.690264041,0.4138604,0.052769527,1.14,44.23,0.87,43.43,
08_04_2021,KZA,Change,C,C18,20,20,Sorghastrum_nutans,Aboveground,SN_Change_C18,49.02510959,0.033333333,0.7,11,4,2,5,0,Not,Not,Not,55.3,48699.392,0.5851,2.1146,9.604985473,0.4424259,0.036814988,1.42,42.96,1.61,40.69,
08_04_2021,KZA,Change,C,C19,10,10,Sorghastrum_nutans,Aboveground,SN_Change_C19,30.66870785,0.04,0.97,16,5,2,9,0,Not,Not,Not,67.7,71398.451,0.8248,3.8384,5.118665131,0.43721473,0.043318447,1.01,43.15,0.95,43.67,
08_04_2021,KZA,Change,C,C21,0,Control,Sorghastrum_nutans,Aboveground,SN_Change_C21,36.5059645,0.033333333,0.96,15,8,1,6,0,Not,Not,Not,59.5,88180.785,1.0317,3.7416,4.68385994,0.3376951,0.04274455,0.87,43.38,0.54,35.27,
08_04_2021,KZA,Change,C,C22,2.5,2.5,Sorghastrum_nutans,Aboveground,SN_Change_C22,43.8874899,0.026666667,0.47,8,4,0,4,0,Not,Not,Not,65.9,46546.488,0.6535,5.0061,4.388255547,0.4015044,0.0449713,0.91,44.15,0.49,43.42,
08_04_2021,KZA,Change,D,D25,2.5,2.5,Sorghastrum_nutans,Aboveground,SN_Change_D25,45.8036347,0.03,0.67,13,6,3,4,0,Not,Not,Not,62,37627.8,0.7394,2.4156,7.171210441,0.6837607,0.051107086,1.04,43.05,0.61,42.22,
08_04_2021,KZA,Change,D,D30,0,Control,Sorghastrum_nutans,Aboveground,SN_Change_D30,47.95245866,0.026666667,0.29,9,5,0,4,0,Not,Not,Not,43.7,5873.28,0.5058,4.9796,7.415181495,0.3873034,0.043896183,0.81,42.03,0.38,44.24,
08_04_2021,KZA,Change,D,D31,10,10,Sorghastrum_nutans,Aboveground,SN_Change_D31,38.78777823,0.043333333,0.73,18,6,6,6,0,Not,Not,Not,52.1,24748.542,0.5582,2.2955,6.202358295,0.49212754,0.042353783,1.5,42.17,1.13,41.85,
08_04_2021,KZA,Change,D,D32,20,20,Sorghastrum_nutans,Aboveground,SN_Change_D32,41.43219195,0.036666667,1.08,9,4,1,4,0,Not,Not,Not,53.3,16314.597,0.5777,2.3985,8.012277999,0.56601703,0.046234682,1.72,42.68,1.75,42.22,
08_04_2021,KZA,Change,E,E33,0,Control,Sorghastrum_nutans,Aboveground,SN_Change_E33,44.98115195,0.033333333,0.22,7,3,1,3,0,Not,Not,Not,42.1,14878.14,0.378,4.3067,23.99278439,0.6534625,0.047586273,1.11,41.73,0.48,43.37,
08_04_2021,KZA,Change,E,E34,20,20,Sorghastrum_nutans,Aboveground,SN_Change_E34,51.59266823,0.03,3.86,17,6,5,6,0,Not,Not,Not,101,319312.51,0.7551,4.058,3.953528539,0.54315567,0.047814198,1.54,42.84,1.52,38.43,
08_04_2021,KZA,Change,E,E37,2.5,2.5,Sorghastrum_nutans,Aboveground,SN_Change_E37,51.99034306,0.026666667,0.15,9,3,3,3,0,Not,Not,Not,58,55501.94,0.2444,5.6213,9.013524141,0.35578987,0.031312805,0.98,41.33,0.68,39.99,
08_04_2021,KZA,Change,E,E40,10,10,Sorghastrum_nutans,Aboveground,SN_Change_E40,37.94256809,0.036666667,0.34,7,3,0,4,0,Not,Not,Not,40.5,3528.36,0.3938,3.57,8.328219147,0.39659268,0.041873742,1.44,44.12,1.25,41.4,
08_04_2021,KZA,Change,F,F41,20,20,Sorghastrum_nutans,Aboveground,SN_Change_F41,59.19883803,0.026666667,0.59,8,4,1,3,0,Not,Not,Not,49.9,13332.282,0.4715,2.0331,3.930476988,0.48980248,0.05095006,1.65,43.54,1.17,43.6,
08_04_2021,KZA,Change,F,F44,10,10,Sorghastrum_nutans,Aboveground,SN_Change_F44,43.45138437,0.03,1.45,8,3,1,4,0,Not,Not,Not,65.4,42715.356,0.4408,5.1931,4.270769283,0.4833054,0.047287937,1.24,43.4,1.02,41.46,
08_04_2021,KZA,Change,F,F45,0,Control,Sorghastrum_nutans,Aboveground,SN_Change_F45,43.05039488,0.04,0.19,6,3,1,2,0,Not,Not,Not,48.7,30842.684,0.4829,6.6742,5.537950714,0.47043878,0.04598346,0.77,43.92,0.51,42.56,
08_04_2021,KZA,Change,F,F48,2.5,2.5,Sorghastrum_nutans,Aboveground,SN_Change_F48,47.00160033,0.03,0.18,11,4,4,3,0,Not,Not,Not,38.6,2288.208,0.829,3.471,3.511992762,0.34346226,0.046939954,0.96,44.08,0.56,42.24,SC=10.1cm